source_split,seed,backbone,source_hospital,target_hospital,n_sources,delta_within,delta_cross,hcs,number_expected_runs,number_completed_runs,missing_runs_detail,status,protocol_hash,git_commit,metric,setting,population,within_signed_shift,cross_signed_shift,hce
val,11,resnet50,1,0,9980,0.4029535014177637,0.3002391387578524,-0.1027143626599111,3,3,[],complete,ab44aaa68bdd7a9e871f3edb1e9a6b959a61068c2b18786588d37e44da2d2b04,feede087cae4e0f2ae896cfa7c0cffcdc9030608,directed_hcs,primary,hospital1,,,
val,11,resnet50,1,3,9929,0.4023380241244979,0.3385054489503827,-0.0638325751741152,3,3,[],complete,ab44aaa68bdd7a9e871f3edb1e9a6b959a61068c2b18786588d37e44da2d2b04,feede087cae4e0f2ae896cfa7c0cffcdc9030608,directed_hcs,primary,hospital1,,,
val,11,resnet50,1,4,9973,0.4027799357580764,0.2816094807904575,-0.1211704549676189,3,3,[],complete,ab44aaa68bdd7a9e871f3edb1e9a6b959a61068c2b18786588d37e44da2d2b04,feede087cae4e0f2ae896cfa7c0cffcdc9030608,directed_hcs,primary,hospital1,,,
val,42,resnet50,1,0,9980,0.3355350158109291,0.2352756927939988,-0.1002593230169302,3,3,[],complete,ab44aaa68bdd7a9e871f3edb1e9a6b959a61068c2b18786588d37e44da2d2b04,feede087cae4e0f2ae896cfa7c0cffcdc9030608,directed_hcs,primary,hospital1,,,
val,42,resnet50,1,3,9929,0.3355317082383187,0.2780108322712449,-0.0575208759670737,3,3,[],complete,ab44aaa68bdd7a9e871f3edb1e9a6b959a61068c2b18786588d37e44da2d2b04,feede087cae4e0f2ae896cfa7c0cffcdc9030608,directed_hcs,primary,hospital1,,,
val,42,resnet50,1,4,9973,0.3357787925900372,0.2555276076943579,-0.0802511848956792,3,3,[],complete,ab44aaa68bdd7a9e871f3edb1e9a6b959a61068c2b18786588d37e44da2d2b04,feede087cae4e0f2ae896cfa7c0cffcdc9030608,directed_hcs,primary,hospital1,,,
val,101,resnet50,1,0,9980,0.4411294449917416,0.3299019293185253,-0.1112275156732163,3,3,[],complete,ab44aaa68bdd7a9e871f3edb1e9a6b959a61068c2b18786588d37e44da2d2b04,feede087cae4e0f2ae896cfa7c0cffcdc9030608,directed_hcs,primary,hospital1,,,
val,101,resnet50,1,3,9929,0.4405509603831596,0.3725921807335457,-0.0679587796496139,3,3,[],complete,ab44aaa68bdd7a9e871f3edb1e9a6b959a61068c2b18786588d37e44da2d2b04,feede087cae4e0f2ae896cfa7c0cffcdc9030608,directed_hcs,primary,hospital1,,,
val,101,resnet50,1,4,9973,0.4415406685025007,0.3312850278299208,-0.1102556406725798,3,3,[],complete,ab44aaa68bdd7a9e871f3edb1e9a6b959a61068c2b18786588d37e44da2d2b04,feede087cae4e0f2ae896cfa7c0cffcdc9030608,directed_hcs,primary,hospital1,,,
val,11,resnet50,1,0,9980,,,,3,3,[],complete,ab44aaa68bdd7a9e871f3edb1e9a6b959a61068c2b18786588d37e44da2d2b04,feede087cae4e0f2ae896cfa7c0cffcdc9030608,directed_hce,primary,hospital1,-0.0462105986650723,0.0845730623653856,0.130783661030458
val,11,resnet50,1,3,9929,,,,3,3,[],complete,ab44aaa68bdd7a9e871f3edb1e9a6b959a61068c2b18786588d37e44da2d2b04,feede087cae4e0f2ae896cfa7c0cffcdc9030608,directed_hce,primary,hospital1,-0.0456414691557261,0.0921998138875663,0.1378412830432925
val,11,resnet50,1,4,9973,,,,3,3,[],complete,ab44aaa68bdd7a9e871f3edb1e9a6b959a61068c2b18786588d37e44da2d2b04,feede087cae4e0f2ae896cfa7c0cffcdc9030608,directed_hce,primary,hospital1,-0.0463683608744729,-0.019170026824846,0.0271983340496269
val,42,resnet50,1,0,9980,,,,3,3,[],complete,ab44aaa68bdd7a9e871f3edb1e9a6b959a61068c2b18786588d37e44da2d2b04,feede087cae4e0f2ae896cfa7c0cffcdc9030608,directed_hce,primary,hospital1,-0.0296965390754251,0.060722303174215,0.0904188422496402
val,42,resnet50,1,3,9929,,,,3,3,[],complete,ab44aaa68bdd7a9e871f3edb1e9a6b959a61068c2b18786588d37e44da2d2b04,feede087cae4e0f2ae896cfa7c0cffcdc9030608,directed_hce,primary,hospital1,-0.0297229005096222,0.1114665824884094,0.1411894829980317
val,42,resnet50,1,4,9973,,,,3,3,[],complete,ab44aaa68bdd7a9e871f3edb1e9a6b959a61068c2b18786588d37e44da2d2b04,feede087cae4e0f2ae896cfa7c0cffcdc9030608,directed_hce,primary,hospital1,-0.0297825280967706,0.0644676039799522,0.0942501320767229
val,101,resnet50,1,0,9980,,,,3,3,[],complete,ab44aaa68bdd7a9e871f3edb1e9a6b959a61068c2b18786588d37e44da2d2b04,feede087cae4e0f2ae896cfa7c0cffcdc9030608,directed_hce,primary,hospital1,-0.0280043915965042,0.0237759657223896,0.0517803573188939
val,101,resnet50,1,3,9929,,,,3,3,[],complete,ab44aaa68bdd7a9e871f3edb1e9a6b959a61068c2b18786588d37e44da2d2b04,feede087cae4e0f2ae896cfa7c0cffcdc9030608,directed_hce,primary,hospital1,-0.0259967342004526,0.0635982208015397,0.0895949550019924
val,101,resnet50,1,4,9973,,,,3,3,[],complete,ab44aaa68bdd7a9e871f3edb1e9a6b959a61068c2b18786588d37e44da2d2b04,feede087cae4e0f2ae896cfa7c0cffcdc9030608,directed_hce,primary,hospital1,-0.0282442354708159,-0.1611820835159182,-0.1329378480451022
val,11,resnet50,1,0,10000,0.386245621947715,0.3073036403147386,-0.0789419816329763,3,3,[],complete,ab44aaa68bdd7a9e871f3edb1e9a6b959a61068c2b18786588d37e44da2d2b04,feede087cae4e0f2ae896cfa7c0cffcdc9030608,directed_hcs,random_paired,hospital1,,,
val,11,resnet50,1,3,10000,0.386245621947715,0.3445489255199903,-0.0416966964277247,3,3,[],complete,ab44aaa68bdd7a9e871f3edb1e9a6b959a61068c2b18786588d37e44da2d2b04,feede087cae4e0f2ae896cfa7c0cffcdc9030608,directed_hcs,random_paired,hospital1,,,
val,11,resnet50,1,4,10000,0.3870238090830022,0.2807053739377603,-0.1063184351452418,3,3,[],complete,ab44aaa68bdd7a9e871f3edb1e9a6b959a61068c2b18786588d37e44da2d2b04,feede087cae4e0f2ae896cfa7c0cffcdc9030608,directed_hcs,random_paired,hospital1,,,
val,42,resnet50,1,0,10000,0.3161916882194088,0.23704035799081,-0.0791513302285987,3,3,[],complete,ab44aaa68bdd7a9e871f3edb1e9a6b959a61068c2b18786588d37e44da2d2b04,feede087cae4e0f2ae896cfa7c0cffcdc9030608,directed_hcs,random_paired,hospital1,,,
val,42,resnet50,1,3,10000,0.3161916882194088,0.2816692192693408,-0.0345224689500679,3,3,[],complete,ab44aaa68bdd7a9e871f3edb1e9a6b959a61068c2b18786588d37e44da2d2b04,feede087cae4e0f2ae896cfa7c0cffcdc9030608,directed_hcs,random_paired,hospital1,,,
val,42,resnet50,1,4,10000,0.3171284770323468,0.2669858513887566,-0.0501426256435902,3,3,[],complete,ab44aaa68bdd7a9e871f3edb1e9a6b959a61068c2b18786588d37e44da2d2b04,feede087cae4e0f2ae896cfa7c0cffcdc9030608,directed_hcs,random_paired,hospital1,,,
val,101,resnet50,1,0,10000,0.4572467384372868,0.3462830329679706,-0.1109637054693162,3,3,[],complete,ab44aaa68bdd7a9e871f3edb1e9a6b959a61068c2b18786588d37e44da2d2b04,feede087cae4e0f2ae896cfa7c0cffcdc9030608,directed_hcs,random_paired,hospital1,,,
val,101,resnet50,1,3,10000,0.4572467384372868,0.3751135963102774,-0.0821331421270093,3,3,[],complete,ab44aaa68bdd7a9e871f3edb1e9a6b959a61068c2b18786588d37e44da2d2b04,feede087cae4e0f2ae896cfa7c0cffcdc9030608,directed_hcs,random_paired,hospital1,,,
val,101,resnet50,1,4,10000,0.458250659733835,0.3401206173394466,-0.1181300423943883,3,3,[],complete,ab44aaa68bdd7a9e871f3edb1e9a6b959a61068c2b18786588d37e44da2d2b04,feede087cae4e0f2ae896cfa7c0cffcdc9030608,directed_hcs,random_paired,hospital1,,,
val,11,resnet50,1,0,10000,,,,3,3,[],complete,ab44aaa68bdd7a9e871f3edb1e9a6b959a61068c2b18786588d37e44da2d2b04,feede087cae4e0f2ae896cfa7c0cffcdc9030608,directed_hce,random_paired,hospital1,0.0005391667605142,0.0894162480793279,0.0888770813188136
val,11,resnet50,1,3,10000,,,,3,3,[],complete,ab44aaa68bdd7a9e871f3edb1e9a6b959a61068c2b18786588d37e44da2d2b04,feede087cae4e0f2ae896cfa7c0cffcdc9030608,directed_hce,random_paired,hospital1,0.0005391667605142,0.0974500054823993,0.096910838721885
val,11,resnet50,1,4,10000,,,,3,3,[],complete,ab44aaa68bdd7a9e871f3edb1e9a6b959a61068c2b18786588d37e44da2d2b04,feede087cae4e0f2ae896cfa7c0cffcdc9030608,directed_hce,random_paired,hospital1,0.0001337850771267,-0.0264194410250745,-0.0265532261022012
val,42,resnet50,1,0,10000,,,,3,3,[],complete,ab44aaa68bdd7a9e871f3edb1e9a6b959a61068c2b18786588d37e44da2d2b04,feede087cae4e0f2ae896cfa7c0cffcdc9030608,directed_hce,random_paired,hospital1,0.000267166031902,0.0697475056344994,0.0694803396025974
val,42,resnet50,1,3,10000,,,,3,3,[],complete,ab44aaa68bdd7a9e871f3edb1e9a6b959a61068c2b18786588d37e44da2d2b04,feede087cae4e0f2ae896cfa7c0cffcdc9030608,directed_hce,random_paired,hospital1,0.000267166031902,0.1123482785548959,0.1120811125229939
val,42,resnet50,1,4,10000,,,,3,3,[],complete,ab44aaa68bdd7a9e871f3edb1e9a6b959a61068c2b18786588d37e44da2d2b04,feede087cae4e0f2ae896cfa7c0cffcdc9030608,directed_hce,random_paired,hospital1,-0.0005258262474363,0.074320678518867,0.0748465047663033
val,101,resnet50,1,0,10000,,,,3,3,[],complete,ab44aaa68bdd7a9e871f3edb1e9a6b959a61068c2b18786588d37e44da2d2b04,feede087cae4e0f2ae896cfa7c0cffcdc9030608,directed_hce,random_paired,hospital1,0.037872175823165,0.055941409856723,0.018069234033558
val,101,resnet50,1,3,10000,,,,3,3,[],complete,ab44aaa68bdd7a9e871f3edb1e9a6b959a61068c2b18786588d37e44da2d2b04,feede087cae4e0f2ae896cfa7c0cffcdc9030608,directed_hce,random_paired,hospital1,0.037872175823165,0.072260239395142,0.0343880635719769
val,101,resnet50,1,4,10000,,,,3,3,[],complete,ab44aaa68bdd7a9e871f3edb1e9a6b959a61068c2b18786588d37e44da2d2b04,feede087cae4e0f2ae896cfa7c0cffcdc9030608,directed_hce,random_paired,hospital1,0.0373999216971799,-0.2121316832029988,-0.2495316049001787
val,11,resnet50,1,0,9980,0.0,0.0,0.0,3,3,[],complete,ab44aaa68bdd7a9e871f3edb1e9a6b959a61068c2b18786588d37e44da2d2b04,feede087cae4e0f2ae896cfa7c0cffcdc9030608,directed_hcs,roi_only,hospital1,,,
val,11,resnet50,1,3,9929,0.0,0.0,0.0,3,3,[],complete,ab44aaa68bdd7a9e871f3edb1e9a6b959a61068c2b18786588d37e44da2d2b04,feede087cae4e0f2ae896cfa7c0cffcdc9030608,directed_hcs,roi_only,hospital1,,,
val,11,resnet50,1,4,9973,2.1623387614950153e-09,2.1623387614950153e-09,0.0,3,3,[],complete,ab44aaa68bdd7a9e871f3edb1e9a6b959a61068c2b18786588d37e44da2d2b04,feede087cae4e0f2ae896cfa7c0cffcdc9030608,directed_hcs,roi_only,hospital1,,,
val,42,resnet50,1,0,9980,0.0,0.0,0.0,3,3,[],complete,ab44aaa68bdd7a9e871f3edb1e9a6b959a61068c2b18786588d37e44da2d2b04,feede087cae4e0f2ae896cfa7c0cffcdc9030608,directed_hcs,roi_only,hospital1,,,
val,42,resnet50,1,3,9929,0.0,0.0,0.0,3,3,[],complete,ab44aaa68bdd7a9e871f3edb1e9a6b959a61068c2b18786588d37e44da2d2b04,feede087cae4e0f2ae896cfa7c0cffcdc9030608,directed_hcs,roi_only,hospital1,,,
val,42,resnet50,1,4,9973,2.8824620744606566e-09,2.8824620744606566e-09,0.0,3,3,[],complete,ab44aaa68bdd7a9e871f3edb1e9a6b959a61068c2b18786588d37e44da2d2b04,feede087cae4e0f2ae896cfa7c0cffcdc9030608,directed_hcs,roi_only,hospital1,,,
val,101,resnet50,1,0,9980,0.0,0.0,0.0,3,3,[],complete,ab44aaa68bdd7a9e871f3edb1e9a6b959a61068c2b18786588d37e44da2d2b04,feede087cae4e0f2ae896cfa7c0cffcdc9030608,directed_hcs,roi_only,hospital1,,,
val,101,resnet50,1,3,9929,0.0,0.0,0.0,3,3,[],complete,ab44aaa68bdd7a9e871f3edb1e9a6b959a61068c2b18786588d37e44da2d2b04,feede087cae4e0f2ae896cfa7c0cffcdc9030608,directed_hcs,roi_only,hospital1,,,
val,101,resnet50,1,4,9973,6.126192204905905e-10,6.126192204905905e-10,0.0,3,3,[],complete,ab44aaa68bdd7a9e871f3edb1e9a6b959a61068c2b18786588d37e44da2d2b04,feede087cae4e0f2ae896cfa7c0cffcdc9030608,directed_hcs,roi_only,hospital1,,,
val,11,resnet50,1,0,9980,,,,3,3,[],complete,ab44aaa68bdd7a9e871f3edb1e9a6b959a61068c2b18786588d37e44da2d2b04,feede087cae4e0f2ae896cfa7c0cffcdc9030608,directed_hce,roi_only,hospital1,2.7811198011652218e-21,2.7811198011652218e-21,0.0
val,11,resnet50,1,3,9929,,,,3,3,[],complete,ab44aaa68bdd7a9e871f3edb1e9a6b959a61068c2b18786588d37e44da2d2b04,feede087cae4e0f2ae896cfa7c0cffcdc9030608,directed_hce,roi_only,hospital1,5.590809873225685e-21,5.590809873225685e-21,0.0
val,11,resnet50,1,4,9973,,,,3,3,[],complete,ab44aaa68bdd7a9e871f3edb1e9a6b959a61068c2b18786588d37e44da2d2b04,feede087cae4e0f2ae896cfa7c0cffcdc9030608,directed_hce,roi_only,hospital1,-2.162338761501509e-09,-2.162338761501509e-09,0.0
val,42,resnet50,1,0,9980,,,,3,3,[],complete,ab44aaa68bdd7a9e871f3edb1e9a6b959a61068c2b18786588d37e44da2d2b04,feede087cae4e0f2ae896cfa7c0cffcdc9030608,directed_hce,roi_only,hospital1,-5.432383849895666e-20,-5.432383849895666e-20,0.0
val,42,resnet50,1,3,9929,,,,3,3,[],complete,ab44aaa68bdd7a9e871f3edb1e9a6b959a61068c2b18786588d37e44da2d2b04,feede087cae4e0f2ae896cfa7c0cffcdc9030608,directed_hce,roi_only,hospital1,-5.180746627091938e-20,-5.180746627091938e-20,0.0
val,42,resnet50,1,4,9973,,,,3,3,[],complete,ab44aaa68bdd7a9e871f3edb1e9a6b959a61068c2b18786588d37e44da2d2b04,feede087cae4e0f2ae896cfa7c0cffcdc9030608,directed_hce,roi_only,hospital1,2.8824620744155715e-09,2.8824620744155715e-09,0.0
val,101,resnet50,1,0,9980,,,,3,3,[],complete,ab44aaa68bdd7a9e871f3edb1e9a6b959a61068c2b18786588d37e44da2d2b04,feede087cae4e0f2ae896cfa7c0cffcdc9030608,directed_hce,roi_only,hospital1,2.9223485410681437e-21,2.9223485410681437e-21,0.0
val,101,resnet50,1,3,9929,,,,3,3,[],complete,ab44aaa68bdd7a9e871f3edb1e9a6b959a61068c2b18786588d37e44da2d2b04,feede087cae4e0f2ae896cfa7c0cffcdc9030608,directed_hce,roi_only,hospital1,-1.2557483113690505e-21,-1.2557483113690505e-21,0.0
val,101,resnet50,1,4,9973,,,,3,3,[],complete,ab44aaa68bdd7a9e871f3edb1e9a6b959a61068c2b18786588d37e44da2d2b04,feede087cae4e0f2ae896cfa7c0cffcdc9030608,directed_hce,roi_only,hospital1,-6.126192204877532e-10,-6.126192204877532e-10,0.0
