source_split,source_hospital,target_hospital,n_triplets,within_mean,cross_mean,within_median,cross_median,mean_paired_difference,paired_smd,mean_pair_distance,source_table,population,protocol_hash,git_commit,feature,n_pairs,paired_mean_difference,train_scale,paired_smd_status,candidate_sources,accepted_sources,coverage
val,1,0.0,102588.0,0.5559654998277919,0.5212382326654902,0.0679285676285415,0.0399824668873882,-0.0347272671623017,-0.0332772493620456,0.4638474337207803,matching_balance,hospital1,ab44aaa68bdd7a9e871f3edb1e9a6b959a61068c2b18786588d37e44da2d2b04,feede087cae4e0f2ae896cfa7c0cffcdc9030608,,,,,,,,
val,1,3.0,102027.0,0.5209999413377543,0.483354142317583,0.0645630685516585,0.0338822887267227,-0.0376457990201713,-0.0385835119774654,0.4159198848332046,matching_balance,hospital1,ab44aaa68bdd7a9e871f3edb1e9a6b959a61068c2b18786588d37e44da2d2b04,feede087cae4e0f2ae896cfa7c0cffcdc9030608,,,,,,,,
val,1,4.0,102552.0,0.555089771934656,0.5171037014842925,0.0683490098048507,0.0390163908003811,-0.0379860704503634,-0.0362080076847581,0.4389080578424207,matching_balance,hospital1,ab44aaa68bdd7a9e871f3edb1e9a6b959a61068c2b18786588d37e44da2d2b04,feede087cae4e0f2ae896cfa7c0cffcdc9030608,,,,,,,,
val,1,0.0,,0.9356473677798436,0.935522944622002,0.9975043402777778,0.9979383680555556,,-0.0007001880709987,,feature_balance,hospital1,ab44aaa68bdd7a9e871f3edb1e9a6b959a61068c2b18786588d37e44da2d2b04,feede087cae4e0f2ae896cfa7c0cffcdc9030608,tissue_fraction,102588.0,-0.0001244231578417,0.1776996252795997,estimable,,,
val,1,0.0,,1.2657035910632823,1.2574960034312006,1.0,1.0,,-0.0057701005805329,,feature_balance,hospital1,ab44aaa68bdd7a9e871f3edb1e9a6b959a61068c2b18786588d37e44da2d2b04,feede087cae4e0f2ae896cfa7c0cffcdc9030608,component_count,102588.0,-0.0082075876320817,1.4224340663613888,estimable,,,
val,1,0.0,,0.893765605403155,0.8945323446108744,0.9975043402777778,0.9979383680555556,,0.002770559392816,,feature_balance,hospital1,ab44aaa68bdd7a9e871f3edb1e9a6b959a61068c2b18786588d37e44da2d2b04,feede087cae4e0f2ae896cfa7c0cffcdc9030608,area_mean,102588.0,0.0007667392077194,0.2767452701817624,estimable,,,
val,1,0.0,,0.0297036519867393,0.0294315197800094,0.0,0.0,,-0.0025091303192018,,feature_balance,hospital1,ab44aaa68bdd7a9e871f3edb1e9a6b959a61068c2b18786588d37e44da2d2b04,feede087cae4e0f2ae896cfa7c0cffcdc9030608,area_std,102588.0,-0.0002721322067298,0.1084567846664975,estimable,,,
val,1,0.0,,0.932254375469448,0.9320061965601076,0.9975043402777778,0.9979383680555556,,-0.0013079854456317,,feature_balance,hospital1,ab44aaa68bdd7a9e871f3edb1e9a6b959a61068c2b18786588d37e44da2d2b04,feede087cae4e0f2ae896cfa7c0cffcdc9030608,area_max,102588.0,-0.0002481789093401,0.1897413386127484,estimable,,,
val,1,0.0,,1.210920267066381,1.220794675890987,1.042668688309506,1.0368284781867994,,0.0187014079079912,,feature_balance,hospital1,ab44aaa68bdd7a9e871f3edb1e9a6b959a61068c2b18786588d37e44da2d2b04,feede087cae4e0f2ae896cfa7c0cffcdc9030608,normalized_perimeter,102588.0,0.0098744088246058,0.5280034996930081,estimable,,,
val,1,0.0,,0.6075440221663208,0.6069211669189394,0.7141118099438473,0.7262999006316979,,-0.0022694851959721,,feature_balance,hospital1,ab44aaa68bdd7a9e871f3edb1e9a6b959a61068c2b18786588d37e44da2d2b04,feede087cae4e0f2ae896cfa7c0cffcdc9030608,compactness,102588.0,-0.0006228552473814,0.2744478124320315,estimable,,,
val,1,0.0,,0.1548453398275466,0.1521125052781103,0.0625138268631169,0.0575534040747263,,-0.0110159838124191,,feature_balance,hospital1,ab44aaa68bdd7a9e871f3edb1e9a6b959a61068c2b18786588d37e44da2d2b04,feede087cae4e0f2ae896cfa7c0cffcdc9030608,eccentricity,102588.0,-0.0027328345494362,0.2480790273452784,estimable,,,
val,1,0.0,,0.4957090482580977,0.495532486154371,0.4947916666666667,0.4947916666666667,,-0.003472138455189,,feature_balance,hospital1,ab44aaa68bdd7a9e871f3edb1e9a6b959a61068c2b18786588d37e44da2d2b04,feede087cae4e0f2ae896cfa7c0cffcdc9030608,centroid_x,102588.0,-0.0001765621037268,0.0508511126516255,estimable,,,
val,1,0.0,,0.4951771441169713,0.4946841288850123,0.4947916666666667,0.4947916666666667,,-0.0098088728286774,,feature_balance,hospital1,ab44aaa68bdd7a9e871f3edb1e9a6b959a61068c2b18786588d37e44da2d2b04,feede087cae4e0f2ae896cfa7c0cffcdc9030608,centroid_y,102588.0,-0.000493015231959,0.0502621698303245,estimable,,,
val,1,0.0,,0.922850943747685,0.9238901525397708,1.0,1.0,,0.0046014305731745,,feature_balance,hospital1,ab44aaa68bdd7a9e871f3edb1e9a6b959a61068c2b18786588d37e44da2d2b04,feede087cae4e0f2ae896cfa7c0cffcdc9030608,grid_0,102588.0,0.0010392087920858,0.22584471841088,estimable,,,
val,1,0.0,,0.9345099222740476,0.9358859703071996,1.0,1.0,,0.0065613996888409,,feature_balance,hospital1,ab44aaa68bdd7a9e871f3edb1e9a6b959a61068c2b18786588d37e44da2d2b04,feede087cae4e0f2ae896cfa7c0cffcdc9030608,grid_1,102588.0,0.001376048033152,0.2097186726015617,estimable,,,
val,1,0.0,,0.9314898493397132,0.931234333191382,1.0,1.0,,-0.0011251616948054,,feature_balance,hospital1,ab44aaa68bdd7a9e871f3edb1e9a6b959a61068c2b18786588d37e44da2d2b04,feede087cae4e0f2ae896cfa7c0cffcdc9030608,grid_2,102588.0,-0.0002555161483311,0.2270928254230879,estimable,,,
val,1,0.0,,0.9343354817175256,0.9344417357689252,1.0,1.0,,0.0005096143922166,,feature_balance,hospital1,ab44aaa68bdd7a9e871f3edb1e9a6b959a61068c2b18786588d37e44da2d2b04,feede087cae4e0f2ae896cfa7c0cffcdc9030608,grid_3,102588.0,0.0001062540513997,0.2084989219743439,estimable,,,
val,1,0.0,,0.9515236023736938,0.9521836397470952,1.0,1.0,,0.0041837086111049,,feature_balance,hospital1,ab44aaa68bdd7a9e871f3edb1e9a6b959a61068c2b18786588d37e44da2d2b04,feede087cae4e0f2ae896cfa7c0cffcdc9030608,grid_4,102588.0,0.0006600373734013,0.1577637055433113,estimable,,,
val,1,0.0,,0.940228907133388,0.940236950913484,1.0,1.0,,3.807142832766372e-05,,feature_balance,hospital1,ab44aaa68bdd7a9e871f3edb1e9a6b959a61068c2b18786588d37e44da2d2b04,feede087cae4e0f2ae896cfa7c0cffcdc9030608,grid_5,102588.0,8.043780096112606e-06,0.211281279674705,estimable,,,
val,1,0.0,,0.9312537144177436,0.9294614079040676,1.0,1.0,,-0.0080119887074513,,feature_balance,hospital1,ab44aaa68bdd7a9e871f3edb1e9a6b959a61068c2b18786588d37e44da2d2b04,feede087cae4e0f2ae896cfa7c0cffcdc9030608,grid_6,102588.0,-0.001792306513676,0.223703075368688,estimable,,,
val,1,0.0,,0.9392805692582222,0.938566100719626,1.0,1.0,,-0.0034182976308019,,feature_balance,hospital1,ab44aaa68bdd7a9e871f3edb1e9a6b959a61068c2b18786588d37e44da2d2b04,feede087cae4e0f2ae896cfa7c0cffcdc9030608,grid_7,102588.0,-0.0007144685385961,0.209012969543122,estimable,,,
val,1,0.0,,0.9353533197565748,0.9338062105064676,1.0,1.0,,-0.0068360678226301,,feature_balance,hospital1,ab44aaa68bdd7a9e871f3edb1e9a6b959a61068c2b18786588d37e44da2d2b04,feede087cae4e0f2ae896cfa7c0cffcdc9030608,grid_8,102588.0,-0.0015471092501072,0.2263156671713614,estimable,,,
val,1,0.0,,0.0004678909814013,0.0004678909814013,0.0,0.0,,0.0,,feature_balance,hospital1,ab44aaa68bdd7a9e871f3edb1e9a6b959a61068c2b18786588d37e44da2d2b04,feede087cae4e0f2ae896cfa7c0cffcdc9030608,empty_mask,102588.0,0.0,0.0229947313033299,estimable,,,
val,1,3.0,,0.9361264858794868,0.9363355319360588,0.9975043402777778,0.9979383680555556,,0.0011764012233748,,feature_balance,hospital1,ab44aaa68bdd7a9e871f3edb1e9a6b959a61068c2b18786588d37e44da2d2b04,feede087cae4e0f2ae896cfa7c0cffcdc9030608,tissue_fraction,102027.0,0.0002090460565721,0.1776996252795997,estimable,,,
val,1,3.0,,1.2595685455810717,1.2555107961618004,1.0,1.0,,-0.0028526801454152,,feature_balance,hospital1,ab44aaa68bdd7a9e871f3edb1e9a6b959a61068c2b18786588d37e44da2d2b04,feede087cae4e0f2ae896cfa7c0cffcdc9030608,component_count,102027.0,-0.0040577494192713,1.4224340663613888,estimable,,,
val,1,3.0,,0.8955703654792434,0.8962396220817179,0.9975043402777778,0.9979383680555556,,0.0024183127033577,,feature_balance,hospital1,ab44aaa68bdd7a9e871f3edb1e9a6b959a61068c2b18786588d37e44da2d2b04,feede087cae4e0f2ae896cfa7c0cffcdc9030608,area_mean,102027.0,0.0006692566024747,0.2767452701817624,estimable,,,
val,1,3.0,,0.0288420609935897,0.0288706466671637,0.0,0.0,,0.0002635674076254,,feature_balance,hospital1,ab44aaa68bdd7a9e871f3edb1e9a6b959a61068c2b18786588d37e44da2d2b04,feede087cae4e0f2ae896cfa7c0cffcdc9030608,area_std,102027.0,2.858567357393985e-05,0.1084567846664975,estimable,,,
val,1,3.0,,0.9328777181751592,0.9333338063834956,0.9975043402777778,0.9979383680555556,,0.0024037366431113,,feature_balance,hospital1,ab44aaa68bdd7a9e871f3edb1e9a6b959a61068c2b18786588d37e44da2d2b04,feede087cae4e0f2ae896cfa7c0cffcdc9030608,area_max,102027.0,0.0004560882083364,0.1897413386127484,estimable,,,
val,1,3.0,,1.2059097768624203,1.2029411080060683,1.0405113260054792,1.0331456303681197,,-0.0056224416279024,,feature_balance,hospital1,ab44aaa68bdd7a9e871f3edb1e9a6b959a61068c2b18786588d37e44da2d2b04,feede087cae4e0f2ae896cfa7c0cffcdc9030608,normalized_perimeter,102027.0,-0.0029686688563521,0.5280034996930081,estimable,,,
val,1,3.0,,0.6101869679420117,0.6144065382004816,0.7161968081386322,0.729246241640472,,0.0153747636793971,,feature_balance,hospital1,ab44aaa68bdd7a9e871f3edb1e9a6b959a61068c2b18786588d37e44da2d2b04,feede087cae4e0f2ae896cfa7c0cffcdc9030608,compactness,102027.0,0.00421957025847,0.2744478124320315,estimable,,,
val,1,3.0,,0.1533682374060136,0.1503671103259575,0.0620547991062806,0.0566481396683687,,-0.0120974639096722,,feature_balance,hospital1,ab44aaa68bdd7a9e871f3edb1e9a6b959a61068c2b18786588d37e44da2d2b04,feede087cae4e0f2ae896cfa7c0cffcdc9030608,eccentricity,102027.0,-0.0030011270800561,0.2480790273452784,estimable,,,
val,1,3.0,,0.4956382906041862,0.4955806859631611,0.4947916666666667,0.4947916666666667,,-0.001132809844687,,feature_balance,hospital1,ab44aaa68bdd7a9e871f3edb1e9a6b959a61068c2b18786588d37e44da2d2b04,feede087cae4e0f2ae896cfa7c0cffcdc9030608,centroid_x,102027.0,-5.7604641025049406e-05,0.0508511126516255,estimable,,,
val,1,3.0,,0.4951611018858421,0.4951735636992422,0.4947916666666667,0.4947916666666667,,0.0002479362399603,,feature_balance,hospital1,ab44aaa68bdd7a9e871f3edb1e9a6b959a61068c2b18786588d37e44da2d2b04,feede087cae4e0f2ae896cfa7c0cffcdc9030608,centroid_y,102027.0,1.2461813399976897e-05,0.0502621698303245,estimable,,,
val,1,3.0,,0.9237125573990218,0.924028305620081,1.0,1.0,,0.0013980766222068,,feature_balance,hospital1,ab44aaa68bdd7a9e871f3edb1e9a6b959a61068c2b18786588d37e44da2d2b04,feede087cae4e0f2ae896cfa7c0cffcdc9030608,grid_0,102027.0,0.0003157482210591,0.22584471841088,estimable,,,
val,1,3.0,,0.935037588855156,0.9352804875639537,1.0,1.0,,0.0011582121219084,,feature_balance,hospital1,ab44aaa68bdd7a9e871f3edb1e9a6b959a61068c2b18786588d37e44da2d2b04,feede087cae4e0f2ae896cfa7c0cffcdc9030608,grid_1,102027.0,0.0002428987087976,0.2097186726015617,estimable,,,
val,1,3.0,,0.9318765747210296,0.9319300417260872,1.0,1.0,,0.0002354411899974,,feature_balance,hospital1,ab44aaa68bdd7a9e871f3edb1e9a6b959a61068c2b18786588d37e44da2d2b04,feede087cae4e0f2ae896cfa7c0cffcdc9030608,grid_2,102027.0,5.346700505748478e-05,0.2270928254230879,estimable,,,
val,1,3.0,,0.9350837240081056,0.935057976381252,1.0,1.0,,-0.0001234904555374,,feature_balance,hospital1,ab44aaa68bdd7a9e871f3edb1e9a6b959a61068c2b18786588d37e44da2d2b04,feede087cae4e0f2ae896cfa7c0cffcdc9030608,grid_3,102027.0,-2.5747626853675988e-05,0.2084989219743439,estimable,,,
val,1,3.0,,0.951949472474198,0.9524468898245072,1.0,1.0,,0.0031529263882095,,feature_balance,hospital1,ab44aaa68bdd7a9e871f3edb1e9a6b959a61068c2b18786588d37e44da2d2b04,feede087cae4e0f2ae896cfa7c0cffcdc9030608,grid_4,102027.0,0.0004974173503092,0.1577637055433113,estimable,,,
val,1,3.0,,0.940524207133896,0.9410876590112176,1.0,1.0,,0.0026668329451108,,feature_balance,hospital1,ab44aaa68bdd7a9e871f3edb1e9a6b959a61068c2b18786588d37e44da2d2b04,feede087cae4e0f2ae896cfa7c0cffcdc9030608,grid_5,102027.0,0.0005634518773216,0.211281279674705,estimable,,,
val,1,3.0,,0.9315826019092984,0.931577107806022,1.0,1.0,,-2.4559802173165238e-05,,feature_balance,hospital1,ab44aaa68bdd7a9e871f3edb1e9a6b959a61068c2b18786588d37e44da2d2b04,feede087cae4e0f2ae896cfa7c0cffcdc9030608,grid_6,102027.0,-5.49410327658365e-06,0.223703075368688,estimable,,,
val,1,3.0,,0.9396845952082536,0.9399738300737794,1.0,1.0,,0.0013838130052791,,feature_balance,hospital1,ab44aaa68bdd7a9e871f3edb1e9a6b959a61068c2b18786588d37e44da2d2b04,feede087cae4e0f2ae896cfa7c0cffcdc9030608,grid_7,102027.0,0.0002892348655257,0.209012969543122,estimable,,,
val,1,3.0,,0.9356870512064208,0.9356374894176296,1.0,1.0,,-0.0002189940688183,,feature_balance,hospital1,ab44aaa68bdd7a9e871f3edb1e9a6b959a61068c2b18786588d37e44da2d2b04,feede087cae4e0f2ae896cfa7c0cffcdc9030608,grid_8,102027.0,-4.9561788791202327e-05,0.2263156671713614,estimable,,,
val,1,3.0,,0.000470463700785,0.000470463700785,0.0,0.0,,0.0,,feature_balance,hospital1,ab44aaa68bdd7a9e871f3edb1e9a6b959a61068c2b18786588d37e44da2d2b04,feede087cae4e0f2ae896cfa7c0cffcdc9030608,empty_mask,102027.0,0.0,0.0229947313033299,estimable,,,
val,1,4.0,,0.9362633634356092,0.9374695699769654,0.9975043402777778,0.9979383680555556,,0.0067878958070866,,feature_balance,hospital1,ab44aaa68bdd7a9e871f3edb1e9a6b959a61068c2b18786588d37e44da2d2b04,feede087cae4e0f2ae896cfa7c0cffcdc9030608,tissue_fraction,102552.0,0.0012062065413562,0.1776996252795997,estimable,,,
val,1,4.0,,1.2646364771042984,1.2527985802324677,1.0,1.0,,-0.0083222816099395,,feature_balance,hospital1,ab44aaa68bdd7a9e871f3edb1e9a6b959a61068c2b18786588d37e44da2d2b04,feede087cae4e0f2ae896cfa7c0cffcdc9030608,component_count,102552.0,-0.0118378968718308,1.4224340663613888,estimable,,,
val,1,4.0,,0.8942397734532562,0.89547730602609,0.9975043402777778,0.9979383680555556,,0.0044717388377445,,feature_balance,hospital1,ab44aaa68bdd7a9e871f3edb1e9a6b959a61068c2b18786588d37e44da2d2b04,feede087cae4e0f2ae896cfa7c0cffcdc9030608,area_mean,102552.0,0.0012375325728339,0.2767452701817624,estimable,,,
val,1,4.0,,0.0298064371951887,0.0300800916628743,0.0,0.0,,0.0025231659644635,,feature_balance,hospital1,ab44aaa68bdd7a9e871f3edb1e9a6b959a61068c2b18786588d37e44da2d2b04,feede087cae4e0f2ae896cfa7c0cffcdc9030608,area_std,102552.0,0.0002736544676856,0.1084567846664975,estimable,,,
val,1,4.0,,0.932847051619409,0.933816880577455,0.9975043402777778,0.9979383680555556,,0.0051113213659021,,feature_balance,hospital1,ab44aaa68bdd7a9e871f3edb1e9a6b959a61068c2b18786588d37e44da2d2b04,feede087cae4e0f2ae896cfa7c0cffcdc9030608,area_max,102552.0,0.0009698289580462,0.1897413386127484,estimable,,,
val,1,4.0,,1.2095570344463282,1.20691748492304,1.0420368115201326,1.035302992672146,,-0.0049991136892523,,feature_balance,hospital1,ab44aaa68bdd7a9e871f3edb1e9a6b959a61068c2b18786588d37e44da2d2b04,feede087cae4e0f2ae896cfa7c0cffcdc9030608,normalized_perimeter,102552.0,-0.0026395495232884,0.5280034996930081,estimable,,,
val,1,4.0,,0.6089397805360129,0.6127946466283918,0.714189515255049,0.7285416713304949,,0.014045898410407,,feature_balance,hospital1,ab44aaa68bdd7a9e871f3edb1e9a6b959a61068c2b18786588d37e44da2d2b04,feede087cae4e0f2ae896cfa7c0cffcdc9030608,compactness,102552.0,0.0038548660923787,0.2744478124320315,estimable,,,
val,1,4.0,,0.1556244279583036,0.1523853442892022,0.0626897782656978,0.0572241443526114,,-0.0130566606285231,,feature_balance,hospital1,ab44aaa68bdd7a9e871f3edb1e9a6b959a61068c2b18786588d37e44da2d2b04,feede087cae4e0f2ae896cfa7c0cffcdc9030608,eccentricity,102552.0,-0.0032390836691014,0.2480790273452784,estimable,,,
val,1,4.0,,0.4961628277025254,0.4960049782639657,0.4947916666666667,0.4947916666666667,,-0.0031041491587627,,feature_balance,hospital1,ab44aaa68bdd7a9e871f3edb1e9a6b959a61068c2b18786588d37e44da2d2b04,feede087cae4e0f2ae896cfa7c0cffcdc9030608,centroid_x,102552.0,-0.0001578494385596,0.0508511126516255,estimable,,,
val,1,4.0,,0.4959251962602539,0.495530718008617,0.4947916666666667,0.4947916666666667,,-0.0078484126922617,,feature_balance,hospital1,ab44aaa68bdd7a9e871f3edb1e9a6b959a61068c2b18786588d37e44da2d2b04,feede087cae4e0f2ae896cfa7c0cffcdc9030608,centroid_y,102552.0,-0.0003944782516369,0.0502621698303245,estimable,,,
val,1,4.0,,0.9234611236860324,0.9259813771306264,1.0,1.0,,0.0111592312732718,,feature_balance,hospital1,ab44aaa68bdd7a9e871f3edb1e9a6b959a61068c2b18786588d37e44da2d2b04,feede087cae4e0f2ae896cfa7c0cffcdc9030608,grid_0,102552.0,0.0025202534445939,0.22584471841088,estimable,,,
val,1,4.0,,0.9349338094942078,0.936807249310106,1.0,1.0,,0.0089331092585044,,feature_balance,hospital1,ab44aaa68bdd7a9e871f3edb1e9a6b959a61068c2b18786588d37e44da2d2b04,feede087cae4e0f2ae896cfa7c0cffcdc9030608,grid_1,102552.0,0.0018734398158982,0.2097186726015617,estimable,,,
val,1,4.0,,0.93149938567751,0.9325166954173248,1.0,1.0,,0.0044797088499806,,feature_balance,hospital1,ab44aaa68bdd7a9e871f3edb1e9a6b959a61068c2b18786588d37e44da2d2b04,feede087cae4e0f2ae896cfa7c0cffcdc9030608,grid_2,102552.0,0.0010173097398149,0.2270928254230879,estimable,,,
val,1,4.0,,0.9352859936300608,0.9362630608282873,1.0,1.0,,0.0046861978420516,,feature_balance,hospital1,ab44aaa68bdd7a9e871f3edb1e9a6b959a61068c2b18786588d37e44da2d2b04,feede087cae4e0f2ae896cfa7c0cffcdc9030608,grid_3,102552.0,0.0009770671982262,0.2084989219743439,estimable,,,
val,1,4.0,,0.9524001200305698,0.9542656656044008,1.0,1.0,,0.011824935066061,,feature_balance,hospital1,ab44aaa68bdd7a9e871f3edb1e9a6b959a61068c2b18786588d37e44da2d2b04,feede087cae4e0f2ae896cfa7c0cffcdc9030608,grid_4,102552.0,0.0018655455738308,0.1577637055433113,estimable,,,
val,1,4.0,,0.9403153114547984,0.9414192864504104,1.0,1.0,,0.0052251434547901,,feature_balance,hospital1,ab44aaa68bdd7a9e871f3edb1e9a6b959a61068c2b18786588d37e44da2d2b04,feede087cae4e0f2ae896cfa7c0cffcdc9030608,grid_5,102552.0,0.0011039749956119,0.211281279674705,estimable,,,
val,1,4.0,,0.932541444675628,0.932802087980366,1.0,1.0,,0.0011651306282156,,feature_balance,hospital1,ab44aaa68bdd7a9e871f3edb1e9a6b959a61068c2b18786588d37e44da2d2b04,feede087cae4e0f2ae896cfa7c0cffcdc9030608,grid_6,102552.0,0.000260643304738,0.223703075368688,estimable,,,
val,1,4.0,,0.9402729263264002,0.9409404135371569,1.0,1.0,,0.0031935205371013,,feature_balance,hospital1,ab44aaa68bdd7a9e871f3edb1e9a6b959a61068c2b18786588d37e44da2d2b04,feede087cae4e0f2ae896cfa7c0cffcdc9030608,grid_7,102552.0,0.0006674872107564,0.209012969543122,estimable,,,
val,1,4.0,,0.9356601559452764,0.936230293534012,1.0,1.0,,0.0025192139627866,,feature_balance,hospital1,ab44aaa68bdd7a9e871f3edb1e9a6b959a61068c2b18786588d37e44da2d2b04,feede087cae4e0f2ae896cfa7c0cffcdc9030608,grid_8,102552.0,0.0005701375887354,0.2263156671713614,estimable,,,
val,1,4.0,,0.0,0.0,0.0,0.0,,0.0,,feature_balance,hospital1,ab44aaa68bdd7a9e871f3edb1e9a6b959a61068c2b18786588d37e44da2d2b04,feede087cae4e0f2ae896cfa7c0cffcdc9030608,empty_mask,102552.0,0.0,0.0229947313033299,estimable,,,
val,1,0.0,,,,,,,,,directed_coverage,hospital1,ab44aaa68bdd7a9e871f3edb1e9a6b959a61068c2b18786588d37e44da2d2b04,feede087cae4e0f2ae896cfa7c0cffcdc9030608,,,,,,34904.0,34196.0,0.9797157918863167
val,1,3.0,,,,,,,,,directed_coverage,hospital1,ab44aaa68bdd7a9e871f3edb1e9a6b959a61068c2b18786588d37e44da2d2b04,feede087cae4e0f2ae896cfa7c0cffcdc9030608,,,,,,34904.0,34009.0,0.974358239743296
val,1,4.0,,,,,,,,,directed_coverage,hospital1,ab44aaa68bdd7a9e871f3edb1e9a6b959a61068c2b18786588d37e44da2d2b04,feede087cae4e0f2ae896cfa7c0cffcdc9030608,,,,,,34904.0,34184.0,0.9793719917487969
val,1,,,,,,,,,,common_support_coverage,hospital1,ab44aaa68bdd7a9e871f3edb1e9a6b959a61068c2b18786588d37e44da2d2b04,feede087cae4e0f2ae896cfa7c0cffcdc9030608,,,,,,34904.0,33947.0,0.9725819390327756
